Iteration Per Action,Score,Chosen element number,Percentile
1,1260,0,0
1,1172,0,0
1,2120,0,0
1,1408,0,0
1,1380,0,0
1,2808,0,0
1,1212,0,0
1,1264,0,0
1,1088,0,0
1,2600,0,0
1,5752,0,0
1,1140,0,0
1,2872,0,0
1,3616,0,0
1,1376,0,0
1,1256,0,0
1,3076,0,0
1,6076,0,0
1,620,0,0
1,4772,0,0
1,1020,0,0
1,2556,0,0
1,1380,0,0
1,6184,0,0
1,5020,0,0
1,5944,0,0
1,2884,0,0
1,5860,0,0
1,2928,0,0
1,1828,0,0
1,2676,0,0
1,2876,0,0
1,1384,0,0
1,1612,0,0
1,3080,0,0
1,1180,0,0
1,2792,0,0
1,2828,0,0
1,1164,0,0
1,4248,0,0
1,2984,0,0
1,3476,0,0
1,4244,0,0
1,4500,0,0
1,2644,0,0
1,5060,0,0
1,680,0,0
1,6088,0,0
1,2228,0,0
1,3028,0,0
1,4560,0,0
1,1212,0,0
1,288,0,0
1,4936,0,0
1,4412,0,0
1,2020,0,0
1,1124,0,0
1,516,0,0
1,4840,0,0
1,1972,0,0
1,2084,0,0
1,1508,0,0
1,5016,0,0
1,2468,0,0
1,2364,0,0
1,2872,0,0
1,1168,0,0
1,5052,0,0
1,2780,0,0
1,4336,0,0
1,2924,0,0
1,2436,0,0
1,1376,0,0
1,2608,0,0
1,2884,0,0
1,1176,0,0
1,2192,0,0
1,2864,0,0
1,4352,0,0
1,3352,0,0
1,1200,0,0
1,2200,0,0
1,2816,0,0
1,1544,0,0
1,1188,0,0
1,2552,0,0
1,1204,0,0
1,904,0,0
1,3824,0,0
1,2732,0,0
1,340,0,0
1,260,0,0
1,2520,0,0
1,1476,0,0
1,652,0,0
1,2104,0,0
1,356,0,0
1,572,0,0
1,2724,0,0
1,3408,0,0
1,600,0,0
1,3184,0,0
2,1188,0,0
2,2860,0,0
2,4460,0,0
2,2236,0,0
2,924,0,0
2,2764,0,0
2,1888,0,0
2,2560,0,0
2,2624,0,0
2,6552,0,0
2,5300,0,0
2,1136,0,0
2,4608,0,0
2,1920,0,0
2,4304,0,0
2,1220,0,0
2,6388,0,0
2,5032,0,0
2,4704,0,0
2,2672,0,0
2,3504,0,0
2,2708,0,0
2,4732,0,0
2,3456,0,0
2,1852,0,0
2,1972,0,0
2,752,0,0
2,2672,0,0
2,2968,0,0
2,2784,0,0
2,2656,0,0
2,5048,0,0
2,5012,0,0
2,2932,0,0
2,9120,0,0
2,6640,0,0
2,3736,0,0
2,4332,0,0
2,9564,0,0
2,2816,0,0
2,3164,0,0
2,2260,0,0
2,2696,0,0
2,2140,0,0
2,2660,0,0
2,1912,0,0
2,2188,0,0
2,1324,0,0
2,944,0,0
2,2096,0,0
2,6820,0,0
2,576,0,0
2,828,0,0
2,2824,0,0
2,1156,0,0
2,3252,0,0
2,1140,0,0
2,10656,0,0
2,3096,0,0
2,1288,0,0
2,10500,0,0
2,2784,0,0
2,2732,0,0
2,2680,0,0
2,2616,0,0
2,4556,0,0
2,1080,0,0
2,3924,0,0
2,4044,0,0
2,5832,0,0
2,3008,0,0
2,1884,0,0
2,1252,0,0
2,896,0,0
2,5000,0,0
2,4516,0,0
2,1468,0,0
2,1280,0,0
2,6248,0,0
2,5808,0,0
2,8416,0,0
2,4360,0,0
2,3140,0,0
2,2860,0,0
2,9664,0,0
2,4488,0,0
2,5300,0,0
2,2408,0,0
2,244,0,0
2,3936,0,0
2,5064,0,0
2,4768,0,0
2,4348,0,0
2,1708,0,0
2,1424,0,0
2,1212,0,0
2,2096,0,0
2,992,0,0
2,568,0,0
2,5000,0,0
2,948,0,0
2,884,0,0
2,4216,0,0
4,580,0,0
4,2648,0,0
4,2688,0,0
4,4740,0,0
4,932,0,0
4,4564,0,0
4,2748,0,0
4,1080,0,0
4,3092,0,0
4,2844,0,0
4,5784,0,0
4,5904,0,0
4,4796,0,0
4,2916,0,0
4,2992,0,0
4,4308,0,0
4,6556,0,0
4,11316,0,0
4,1240,0,0
4,3068,0,0
4,9880,0,0
4,6268,0,0
4,6032,0,0
4,5304,0,0
4,6484,0,0
4,2732,0,0
4,1456,0,0
4,4204,0,0
4,6916,0,0
4,2856,0,0
4,4664,0,0
4,9584,0,0
4,1948,0,0
4,2840,0,0
4,6280,0,0
4,3036,0,0
4,1176,0,0
4,4972,0,0
4,4356,0,0
4,2120,0,0
4,4792,0,0
4,7100,0,0
4,4780,0,0
4,2520,0,0
4,6184,0,0
4,5088,0,0
4,2840,0,0
4,4724,0,0
4,1164,0,0
4,4988,0,0
4,2212,0,0
4,4756,0,0
4,5208,0,0
4,2036,0,0
4,792,0,0
4,2648,0,0
4,4308,0,0
4,5280,0,0
4,2544,0,0
4,1236,0,0
4,5020,0,0
4,504,0,0
4,876,0,0
4,11408,0,0
4,6492,0,0
4,5028,0,0
4,5848,0,0
4,504,0,0
4,2288,0,0
4,2740,0,0
4,2776,0,0
4,2016,0,0
4,2924,0,0
4,1176,0,0
4,6384,0,0
4,540,0,0
4,2928,0,0
4,4664,0,0
4,5004,0,0
4,2660,0,0
4,2648,0,0
4,5008,0,0
4,10812,0,0
4,5048,0,0
4,3120,0,0
4,2360,0,0
4,4220,0,0
4,2168,0,0
4,596,0,0
4,2696,0,0
4,5112,0,0
4,2984,0,0
4,6640,0,0
4,4296,0,0
4,6468,0,0
4,2960,0,0
4,4656,0,0
4,2544,0,0
4,6704,0,0
4,13420,0,0
4,4924,0,0
4,5984,0,0
4,6584,0,0
8,9100,0,0
8,2924,0,0
8,6744,0,0
8,4228,0,0
8,14384,0,0
8,2948,0,0
8,5916,0,0
8,1060,0,0
8,5800,0,0
8,6544,0,0
8,9652,0,0
8,4168,0,0
4,5060,1,10
4,2864,1,10
4,6556,1,10
8,6584,0,0
1,2812,1,10
1,2976,1,10
1,1460,1,10
1,2084,1,10
1,1948,1,10
1,5004,1,10
1,1900,1,10
1,2124,1,10
1,2608,1,10
1,1460,1,10
1,240,1,10
1,2628,1,10
1,1260,1,10
1,4972,1,10
1,2084,1,10
1,2868,1,10
1,2272,1,10
1,1064,1,10
1,4576,1,10
1,2908,1,10
1,2864,1,10
1,1560,1,10
1,2336,1,10
1,5936,1,10
1,2708,1,10
1,2836,1,10
1,1336,1,10
1,2876,1,10
1,1428,1,10
1,936,1,10
1,5132,1,10
1,2564,1,10
1,4328,1,10
1,3212,1,10
1,3180,1,10
1,2636,1,10
1,2652,1,10
1,744,1,10
1,4484,1,10
1,2656,1,10
1,1324,1,20
1,1324,1,20
1,4992,1,20
1,1736,1,20
1,2140,1,20
1,268,1,20
1,5804,1,20
1,3112,1,20
1,2556,1,20
1,836,1,20
1,1156,1,20
1,1368,1,20
1,2304,1,20
1,2360,1,20
1,1828,1,20
1,2116,1,20
1,2152,1,20
1,1408,1,20
1,2136,1,20
1,5940,1,20
1,1136,1,20
1,2532,1,20
1,604,1,20
1,2484,1,20
1,2780,1,20
1,2004,1,20
1,4832,1,20
1,1992,1,20
1,1964,1,20
1,2116,1,20
1,2252,1,20
1,1564,1,20
1,1372,1,20
1,6564,1,20
1,2392,1,20
1,1904,1,20
1,2424,1,20
1,532,1,20
1,5936,1,20
1,1916,1,20
1,2380,1,20
1,1220,1,20
1,4664,1,20
1,1612,1,20
1,1292,1,20
1,432,1,20
1,4988,1,20
1,2164,1,20
1,2812,1,20
1,1368,1,20
1,2396,1,20
1,2328,1,20
1,2256,1,20
1,2772,1,20
1,2164,1,20
1,1140,1,20
1,740,1,20
1,1888,1,20
1,2036,1,20
1,2852,1,20
1,2128,1,20
1,2212,1,20
1,1080,1,20
2,2264,1,20
2,2764,1,20
2,5928,1,20
2,4976,1,20
2,1224,1,20
2,648,1,20
2,1984,1,20
2,6828,1,20
2,4952,1,20
2,3128,1,20
2,5040,1,20
2,4888,1,20
2,2160,1,20
2,4964,1,20
2,6260,1,20
2,1192,1,20
2,2776,1,20
2,5020,1,20
2,1480,1,20
2,1244,1,20
2,940,1,20
2,2876,1,20
2,5188,1,20
2,2704,1,20
2,2824,1,20
2,2776,1,20
2,5844,1,20
2,5172,1,20
2,4824,1,20
2,3028,1,20
2,4760,1,20
2,2860,1,20
2,3292,1,20
2,464,1,20
2,5740,1,20
2,6492,1,20
2,2760,1,20
2,4952,1,20
2,4140,1,20
2,2620,1,20
2,4924,1,20
2,6292,1,20
2,5604,1,20
2,5008,1,20
2,6036,1,20
2,2888,1,20
2,4992,1,20
2,2540,1,20
2,1532,1,20
2,2640,1,20
2,4748,1,20
2,2876,1,20
2,6436,1,20
2,2244,1,20
2,2276,1,20
2,2792,1,20
2,3172,1,20
2,2356,1,20
2,6548,1,20
2,3064,1,20
2,2552,1,20
2,5308,1,20
2,2216,1,20
2,2924,1,20
1,2220,1,10
1,2812,1,10
1,2756,1,10
1,2904,1,10
1,2932,1,10
1,2880,1,10
1,596,1,10
1,2168,1,10
1,1300,1,10
1,5004,1,10
1,1268,1,10
1,4260,1,10
1,740,1,10
1,2520,1,10
1,4276,1,10
1,3344,1,10
1,1968,1,10
1,6380,1,10
1,3756,1,10
1,2392,1,10
1,3604,1,10
1,2844,1,10
1,804,1,10
1,1260,1,10
1,2500,1,10
1,2064,1,10
1,2716,1,10
1,2736,1,10
1,2168,1,10
1,4304,1,10
1,5812,1,10
1,2864,1,10
1,6224,1,10
1,1156,1,10
1,1224,1,10
1,4888,1,10
1,2060,1,10
1,1532,1,10
1,1276,1,30
1,1216,1,10
1,2040,1,10
1,4888,1,10
1,1080,1,40
1,1824,1,10
1,2916,1,10
1,1220,1,50
1,4916,1,10
1,2300,1,10
1,1084,1,10
1,3184,1,60
1,1080,1,10
1,936,1,10
1,396,1,70
1,5412,1,10
1,2416,1,10
1,2744,1,80
1,6040,1,10
1,4712,1,10
1,944,1,10
1,2928,1,90
2,2544,1,10
2,3180,1,10
2,3204,1,10
2,2756,1,10
2,5844,1,10
2,2852,1,10
2,6212,1,10
2,6904,1,10
2,8284,1,10
2,2596,1,10
2,3136,1,10
2,3008,1,10
2,4944,1,10
2,1924,1,10
2,2804,1,10
2,1880,1,10
2,1796,1,10
2,2712,1,10
2,4544,1,10
2,3212,1,10
2,2444,1,10
2,4700,1,10
2,6740,1,10
2,5212,1,10
2,1884,1,10
2,2240,1,10
2,244,1,10
2,5672,1,10
2,5024,1,10
2,1296,1,10
2,3252,1,10
2,6256,1,10
2,4120,1,10
2,4400,1,10
2,4344,1,10
2,4728,1,10
2,3116,1,10
2,6700,1,10
2,5720,1,30
2,6244,1,30
2,4996,1,30
2,2804,1,40
2,3100,1,40
2,5832,1,30
2,1868,1,50
2,2104,1,50
2,2800,1,50
2,6444,1,40
2,588,2,60
2,896,2,60
2,736,2,60
2,300,2,60
2,2452,2,60
2,2960,2,60
2,5280,2,60
2,436,2,60
2,4848,2,60
2,4280,2,60
2,348,2,60
2,528,2,60
2,500,2,60
2,2792,2,60
2,1528,2,60
2,4984,2,60
2,2648,2,60
2,5016,2,60
2,1184,2,60
2,3928,2,60
2,4892,2,60
2,1248,2,60
2,528,2,60
2,2144,2,60
2,1088,2,60
2,2000,2,60
2,3012,2,60
2,2576,2,60
2,1208,2,60
2,4280,2,60
2,1816,2,60
2,3084,2,60
2,5104,2,60
2,4460,2,60
2,2608,2,60
2,1888,2,60
2,4148,2,60
2,2504,2,60
2,2752,2,60
2,3000,2,60
2,2048,2,60
2,1448,2,60
2,1976,2,60
2,2360,2,60
2,2228,2,60
2,1044,2,60
2,2140,2,60
2,2240,2,60
2,2736,2,60
2,2768,2,60
2,4296,2,60
2,888,2,60
2,956,2,60
2,1180,2,60
2,2840,2,60
2,1032,2,60
2,4080,2,60
2,1124,2,60
2,1192,2,60
2,2488,2,60
2,4992,2,60
2,2808,2,60
2,1084,2,60
2,6516,2,60
2,1608,2,60
2,2184,2,60
2,5368,2,60
2,2284,2,60
2,1112,2,60
2,2900,2,60
2,1464,2,60
2,2064,2,60
2,2568,2,60
2,968,2,60
2,4532,2,60
2,1888,2,60
2,4388,2,60
2,1004,2,60
2,4328,2,60
2,6284,2,60
2,2900,2,60
2,4112,2,60
2,516,2,60
2,1268,2,60
2,2108,2,60
2,6660,2,60
2,2760,2,60
2,928,2,60
2,2716,2,60
2,2204,2,60
2,2740,2,60
2,1172,2,60
2,2484,2,60
2,2648,2,60
2,4912,2,60
2,2012,2,60
2,2184,2,60
2,1360,2,60
2,268,2,60
2,2424,2,60
2,1472,2,60
2,1188,2,70
2,5868,2,60
2,2964,2,70
2,1464,2,80
2,3924,2,70
2,2756,2,80
2,1280,2,80
2,1868,2,90
2,560,2,90
2,2760,2,90
2,4708,2,90
4,6912,1,10
1,576,1,100
1,816,1,100
2,2344,2,100
2,324,2,100
2,2564,2,100
4,4876,1,10
4,6496,1,10
4,6116,1,10
4,9560,1,10
4,1156,1,10
4,3060,1,10
4,3132,1,10
4,5988,1,10
4,4708,1,10
4,2852,1,10
4,3168,1,10
4,4972,1,10
4,2956,1,10
4,13284,1,10
4,5676,1,10
4,5008,1,10
4,5040,1,10
4,2652,1,10
4,5728,1,10
4,6648,1,10
4,6812,1,10
4,6116,1,10
4,9860,1,10
4,6460,1,10
4,5656,1,10
4,10884,1,10
4,5220,1,10
4,6796,1,10
4,3896,1,10
4,1548,1,10
4,5460,1,10
4,3116,1,10
4,6856,1,10
4,2796,1,10
4,5616,1,10
4,4376,1,10
4,2328,1,10
4,6036,1,10
4,5472,1,10
4,5036,1,10
4,5272,1,10
4,9696,1,10
4,1384,1,10
4,516,1,10
4,1372,1,10
4,5940,1,10
4,5996,1,10
4,2952,1,10
4,6156,1,10
4,6252,1,10
4,6712,1,10
4,3108,1,10
4,5732,1,10
4,6656,1,10
4,1208,1,10
4,2132,1,10
4,6236,1,10
4,4396,1,10
4,2884,1,10
4,2040,1,10
4,5212,1,10
4,3728,1,10
4,6020,1,10
4,3124,1,10
4,5244,1,10
4,5168,1,10
4,2996,1,10
4,2876,1,10
4,6468,1,10
4,7000,1,10
4,2612,1,10
4,11816,1,10
4,6400,1,10
4,6196,1,10
4,4988,1,10
4,3064,1,10
4,3116,1,10
4,6728,1,10
4,5936,1,10
4,4840,1,10
4,2212,1,10
4,2212,1,10
4,3308,1,10
4,11092,1,10
4,6628,1,10
4,1220,1,10
4,2860,1,10
4,5960,1,10
4,6676,1,10
4,2864,1,10
4,2944,1,10
4,5964,1,10
4,10784,1,10
4,4728,1,10
4,6660,1,10
4,4796,1,10
4,6868,1,10
4,2488,1,10
4,6772,1,10
4,5120,2,20
4,5572,2,20
4,4928,2,20
4,840,2,20
4,2144,2,20
4,2136,2,20
4,5720,2,20
4,2952,2,20
4,9032,2,20
4,2800,2,20
4,4384,2,20
4,4936,2,20
4,6452,2,20
4,6672,2,20
4,7232,2,20
4,4280,2,20
4,5056,2,20
4,3500,2,20
4,2740,2,20
4,2608,2,20
4,6596,2,20
4,1424,2,20
4,2244,2,20
4,6744,2,20
4,9452,2,20
4,4188,2,20
4,2876,2,20
4,1972,2,20
4,6268,2,20
4,5828,2,20
4,6576,2,20
4,6600,2,20
4,4596,2,20
4,5928,2,20
4,5228,2,20
4,3020,2,20
4,14408,2,20
4,2220,2,20
4,6512,2,20
4,4500,2,20
4,6440,2,20
4,2148,2,20
4,2984,2,20
4,5288,2,20
4,6648,2,20
4,6640,2,20
4,6352,2,20
4,4288,2,20
4,6428,2,20
4,4480,2,20
4,3068,2,20
4,10284,2,20
4,6496,2,20
4,3056,2,20
4,2068,2,20
4,2772,2,20
4,2972,2,20
4,5128,2,20
4,4484,2,20
4,4984,2,20
4,2124,2,20
4,1596,2,20
4,7368,2,20
4,5984,2,20
4,6596,2,20
4,10352,2,20
4,2984,2,20
4,6140,2,20
4,2800,2,20
4,1300,2,20
4,5072,2,20
4,2132,2,20
4,3272,2,20
4,2712,2,20
4,6080,2,20
4,6868,2,20
4,6464,2,20
4,1208,2,20
4,2352,2,20
4,4044,2,20
4,2268,2,20
4,348,2,20
4,2220,2,20
4,2792,2,20
4,3248,2,20
4,2812,2,20
4,6100,2,20
4,2576,2,20
4,6548,2,20
4,1096,2,20
4,5708,2,20
4,2804,2,20
4,2656,2,20
4,12380,2,20
4,2680,2,20
4,4832,2,20
4,2648,2,20
4,12832,2,20
4,11372,2,20
4,11260,2,20
4,6512,2,20
4,6012,2,20
4,2864,2,20
4,1760,2,30
4,6696,2,30
4,4960,2,30
4,11268,2,30
4,5248,2,40
4,2960,2,40
4,6824,2,40
4,6496,2,40
4,4992,3,50
4,6836,3,50
4,6268,3,50
4,10644,3,50
4,1296,3,50
4,5480,3,50
4,6288,3,50
4,6080,3,50
4,4596,3,50
4,11316,3,50
4,4224,3,50
4,5184,3,50
4,1260,3,50
4,1284,3,50
4,3000,3,50
4,2256,3,50
4,6180,3,50
4,2428,3,50
4,11392,3,50
4,5856,3,50
4,5480,3,50
4,6668,3,50
4,2760,3,50
4,1360,3,50
4,6704,3,50
4,5744,3,50
4,1576,3,50
4,3064,3,50
4,2928,3,50
4,4428,3,50
4,4756,3,50
4,2100,3,50
4,2672,3,50
4,6224,3,50
4,1012,3,50
4,1012,3,50
4,10000,3,50
4,5920,3,50
4,2756,3,50
4,4672,3,50
4,1204,3,50
4,3224,3,50
4,6220,3,50
4,2528,3,50
4,4988,3,50
4,2600,3,50
4,1580,3,50
4,3308,3,50
4,4940,3,50
4,1052,3,50
4,5248,3,50
4,2116,3,50
4,5444,3,50
4,6132,3,50
4,4968,3,50
4,5300,3,50
4,3116,3,50
4,2084,3,50
4,2852,3,50
4,2520,3,50
4,9952,3,50
4,11444,3,50
4,5888,3,50
4,1220,3,50
4,944,3,50
4,2820,3,50
4,2800,3,50
4,5684,3,50
4,184,3,50
4,5600,3,50
4,1160,3,50
4,2960,3,50
4,1232,3,50
4,2256,3,50
4,6540,3,50
4,3440,3,50
4,640,3,50
4,9360,3,50
4,6020,3,50
4,5508,3,50
4,6772,3,50
4,3004,3,50
4,3040,3,50
4,1044,3,50
4,3028,3,50
4,5920,3,50
4,9468,3,50
4,3508,3,50
4,3308,3,50
4,5492,3,50
4,2996,3,50
4,4308,3,50
4,3016,3,50
4,6664,3,50
4,1008,3,50
4,4300,3,50
4,14756,3,50
4,3016,3,50
4,12000,3,50
4,7808,3,50
4,1584,3,50
4,5644,3,50
4,580,3,60
4,4616,3,50
4,1768,3,60
4,4756,3,60
4,2532,3,70
4,5880,3,70
4,10608,3,70
4,4776,3,70
4,2860,3,80
4,3052,3,80
4,1940,4,90
4,5880,3,80
4,2012,4,90
4,1332,4,90
4,5832,3,80
4,1336,4,90
4,1428,4,90
4,584,4,90
4,948,4,90
4,3004,4,90
4,1248,4,90
4,2940,4,90
4,408,4,90
4,3452,4,90
4,1512,4,90
4,1280,4,90
4,2288,4,90
4,1248,4,90
4,1040,4,90
4,6092,4,90
4,2088,4,90
4,5812,4,90
4,3496,4,90
4,2240,4,90
4,2052,4,90
4,6668,4,90
4,1508,4,90
4,4632,4,90
4,1936,4,90
4,2816,4,90
4,500,4,90
4,572,4,90
4,1156,4,90
4,2840,4,90
4,1032,4,90
4,3040,4,90
4,2156,4,90
4,5296,4,90
4,484,4,90
4,1208,4,90
4,700,4,90
4,4868,4,90
4,5256,4,90
4,848,4,90
4,1252,4,90
4,568,4,90
4,888,4,90
4,1336,4,90
4,780,4,90
4,1324,4,90
4,2496,4,90
4,5236,4,90
4,1304,4,90
4,408,4,90
4,4472,4,90
4,2924,4,90
4,212,4,90
4,4500,4,90
4,1456,4,90
4,1532,4,90
4,5724,4,90
4,1192,4,90
4,2316,4,90
4,512,4,90
4,1788,4,90
4,1248,4,90
4,3172,4,90
4,4272,4,90
4,2788,4,90
4,1620,4,90
4,1952,4,90
4,1248,4,90
4,848,4,90
4,4576,4,90
4,2284,4,90
4,1148,4,90
4,1772,4,90
4,2520,4,90
4,1908,4,90
4,348,4,90
4,2224,4,90
4,996,4,90
4,1252,4,90
4,4208,4,90
4,1428,4,90
4,2932,4,90
4,2688,4,90
4,5900,4,90
4,2120,4,90
4,2680,4,90
4,4852,4,90
4,4612,4,90
4,564,4,90
4,1368,4,90
4,4976,4,90
4,632,4,90
4,5016,4,90
4,1100,4,90
4,1204,4,90
4,1596,4,90
4,492,4,90
4,2872,4,90
4,3672,4,90
4,2972,4,90
4,1116,4,100
4,2160,4,100
4,2612,4,100
4,1312,4,100
8,1152,0,0
8,2592,0,0
8,2752,0,0
8,5240,0,0
8,2784,0,0
8,4836,0,0
8,5976,0,0
8,6464,0,0
8,2612,0,0
8,2820,0,0
8,7092,0,0
8,4896,0,0
8,6480,0,0
8,11448,0,0
8,892,0,0
8,6464,0,0
8,6532,0,0
8,11148,0,0
8,4904,0,0
8,6280,0,0
8,6504,0,0
8,1128,0,0
8,12848,0,0
8,1124,0,0
8,6440,0,0
8,12804,0,0
8,1140,0,0
8,3056,0,0
8,13640,0,0
8,2600,0,0
8,4888,0,0
8,5016,0,0
8,6480,0,0
8,2704,0,0
8,6452,0,0
8,11372,0,0
8,2652,0,0
8,5096,0,0
8,3428,0,0
8,6272,0,0
8,1176,0,0
8,2772,0,0
8,11816,0,0
8,5812,0,0
8,10368,0,0
8,4260,0,0
8,6680,0,0
8,2104,0,0
8,2832,0,0
8,4852,0,0
8,6680,0,0
8,2808,0,0
8,2564,0,0
8,6008,0,0
8,12868,0,0
8,11352,0,0
8,6544,0,0
8,2968,0,0
8,6616,0,0
8,6012,0,0
8,3000,0,0
8,5032,0,0
8,1168,0,0
8,1360,0,0
8,6672,0,0
8,4524,0,0
8,4884,0,0
8,2748,0,0
8,6284,0,0
8,6684,0,0
8,2840,0,0
8,2844,0,0
8,5844,0,0
8,14644,0,0
8,2276,0,0
8,11472,0,0
8,6448,0,0
8,2632,0,0
8,13280,0,0
8,14532,0,0
8,6548,0,0
8,2756,0,0
8,2152,0,0
8,6596,0,0
8,13472,0,0
8,2088,0,0
8,2572,0,0
8,6336,0,0
8,2956,0,0
8,6856,2,10
8,3104,2,10
8,11288,0,0
8,2860,2,10
8,6576,2,10
8,5016,2,10
8,13208,2,10
8,6648,2,10
8,4736,2,10
8,11472,2,10
8,1312,2,10
8,6332,2,10
8,6668,2,10
8,5044,2,10
8,2496,2,10
8,6588,2,10
8,10720,2,10
8,6096,2,10
8,2772,2,10
8,3208,2,10
8,6740,2,10
8,6064,2,10
8,6076,2,10
8,1272,2,10
8,5872,2,10
8,6572,2,10
8,10552,2,10
8,14948,2,10
8,2960,2,10
8,5048,2,10
8,11160,2,10
8,7668,2,10
8,2900,2,10
8,5096,2,10
8,6152,2,10
8,10620,2,10
8,6604,2,10
8,11152,2,10
8,5036,2,10
8,5092,2,10
8,9976,2,10
8,5356,2,10
8,4460,2,10
8,2876,2,10
8,6504,2,10
8,10660,2,10
8,2848,2,10
8,2856,2,10
8,6716,2,10
8,2804,2,10
8,6852,2,10
8,11456,2,10
8,5852,2,10
8,5068,2,10
8,1208,2,10
8,6564,2,10
8,6616,2,10
8,5808,2,10
8,6348,2,10
8,11348,2,10
8,5656,2,10
8,6684,2,10
8,5344,2,10
8,6540,2,10
8,10844,2,10
8,4988,2,10
8,5880,2,10
8,2888,2,10
8,2708,2,10
8,6724,2,10
8,15324,2,10
8,14416,2,10
8,7428,2,10
8,3088,2,10
8,2820,2,10
8,6608,2,10
8,4312,2,10
8,2956,2,10
8,2876,2,10
8,10744,2,10
8,6672,2,10
8,11404,2,10
8,7344,2,10
8,6572,2,10
8,9712,2,10
8,6648,2,10
8,9808,2,10
8,5096,2,10
8,6696,2,10
8,6512,2,10
8,6588,2,10
8,6024,2,10
8,6532,2,10
8,11380,2,10
8,7020,2,10
8,6572,2,10
8,7040,2,10
8,6912,2,10
8,7116,2,10
8,11420,2,10
8,3532,2,10
8,2264,2,10
8,2944,2,10
8,6528,2,10
8,6664,2,20
8,6124,2,20
8,6688,2,20
8,11552,2,20
8,5060,3,30
8,10016,3,30
8,10760,3,30
8,11420,3,30
8,6672,3,30
8,6924,3,30
8,6732,3,30
8,5296,3,30
8,11560,3,30
8,6536,3,30
8,6652,3,30
8,2920,3,30
8,14420,3,30
8,14520,3,30
8,13080,3,30
8,6612,3,30
8,4876,3,30
8,5184,3,30
8,5804,3,30
8,6744,3,30
8,11512,3,30
8,10932,3,30
8,10604,3,30
8,2608,3,30
8,13452,3,30
8,6568,3,30
8,2132,3,30
8,10996,3,30
8,4232,3,30
8,6648,3,30
8,11076,3,30
8,6200,3,30
8,6716,3,30
8,13596,3,30
8,11376,3,30
8,6144,3,30
8,3536,3,30
8,7184,3,30
8,6640,3,30
8,2500,3,30
8,4216,3,30
8,5500,3,30
8,11476,3,30
8,14244,3,30
8,11640,3,30
8,6336,3,30
8,6524,3,30
8,2492,3,30
8,9828,3,30
8,5884,3,30
8,5840,3,30
8,2792,3,30
8,5000,3,30
8,6384,3,30
8,6556,3,30
8,5860,3,30
8,11352,3,30
8,7212,3,30
8,6812,3,30
8,11400,3,30
8,10108,3,30
8,2980,3,30
8,6596,3,30
8,11336,3,30
8,2908,3,30
8,11344,3,30
8,2888,3,30
8,11264,3,30
8,6632,3,30
8,11316,3,30
8,6652,3,30
8,2388,3,30
8,6544,3,30
8,13524,3,30
8,2668,3,30
8,11372,3,30
8,4920,3,30
8,2884,3,30
8,11436,3,30
8,5076,3,30
8,10860,3,30
8,11408,3,30
8,11564,3,30
8,3008,3,30
8,2804,3,30
8,5608,3,30
8,5588,3,30
8,6804,3,30
8,6612,3,30
8,13172,3,30
8,6572,3,30
8,5884,3,30
8,6064,3,30
8,6312,3,30
8,11352,3,30
8,14200,3,30
8,6224,3,30
8,5688,3,30
8,6840,3,30
8,2900,3,30
8,5032,3,30
8,4456,4,40
8,5936,3,30
8,11288,3,30
8,4912,4,40
8,11448,4,40
8,5812,4,40
8,10828,4,40
8,2680,4,40
8,6412,4,40
8,2776,4,40
8,2820,4,40
8,6660,4,40
8,6316,4,40
8,5216,4,40
8,4976,4,40
8,9776,4,40
8,5944,4,40
8,2940,4,40
8,11340,4,40
8,7104,4,40
8,9356,4,40
8,5048,4,40
8,4780,4,40
8,6748,4,40
8,364,4,40
8,6540,4,40
8,6692,4,40
8,11408,4,40
8,6268,4,40
8,5040,4,40
8,13492,4,40
8,5076,4,40
8,11372,4,40
8,6580,4,40
8,6852,4,40
8,2812,4,40
8,6676,4,40
8,5068,4,40
8,6036,4,40
8,6636,4,40
8,4936,4,40
8,6680,4,40
8,6720,4,40
8,10396,4,40
8,13640,4,40
8,2936,4,40
8,6608,4,40
8,5328,4,40
8,9632,4,40
8,4976,4,40
8,9200,4,40
8,6748,4,40
8,2816,4,40
8,8372,4,40
8,2820,4,40
8,5684,4,40
8,7176,4,40
8,11024,4,40
8,11456,4,40
8,6560,4,40
8,6576,4,40
8,6448,4,40
8,5340,4,40
8,6796,4,40
8,1304,4,40
8,6004,4,40
8,5660,4,40
8,6632,4,40
8,3084,4,40
8,3152,4,40
8,5160,4,40
8,11520,4,40
8,6456,4,40
8,11024,4,40
8,6756,4,40
8,4584,4,40
8,13616,4,40
8,6416,4,40
8,2524,4,40
8,11316,4,40
8,12740,4,40
8,2756,4,40
8,3288,4,40
8,6632,4,40
8,11032,4,40
8,2768,4,40
8,5084,4,40
8,5092,4,40
8,2468,4,40
8,1244,4,40
8,5044,4,40
8,11372,4,40
8,6648,4,40
8,4836,4,40
8,6576,4,40
8,5752,4,40
8,11276,4,40
8,4972,4,40
8,4460,4,40
8,2856,4,40
8,5032,4,40
8,6624,4,40
8,14628,4,40
8,9448,4,40
8,14912,4,40
8,6296,4,40
8,2680,5,50
8,6332,5,50
8,2940,5,50
8,10548,5,50
8,6284,5,50
8,2972,5,50
8,13508,5,50
8,6444,5,50
8,11272,5,50
8,2920,5,50
8,4964,5,50
8,6204,5,50
8,14280,5,50
8,10128,5,50
8,5640,5,50
8,2448,5,50
8,3032,5,50
8,5856,5,50
8,6444,5,50
8,6864,5,50
8,2640,5,50
8,11104,5,50
8,2208,5,50
8,2392,5,50
8,6892,5,50
8,11720,5,50
8,9764,5,50
8,4320,5,50
8,6268,5,50
8,2712,5,50
8,2132,5,50
8,5968,5,50
8,6564,5,50
8,6592,5,50
8,15092,5,50
8,6448,5,50
8,6708,5,50
8,6932,5,50
8,9708,5,50
8,11284,5,50
8,6592,5,50
8,4656,5,50
8,2812,5,50
8,5836,5,50
8,2196,5,50
8,2696,5,50
8,11116,5,50
8,5080,5,50
8,6616,5,50
8,6692,5,50
8,5020,5,50
8,4936,5,50
8,6572,5,50
8,13160,5,50
8,6760,5,50
8,2148,5,50
8,6552,5,50
8,2888,5,50
8,5940,5,50
8,6760,5,50
8,6136,5,50
8,4272,5,50
8,6552,5,50
8,5064,5,50
8,2940,5,50
8,4292,5,50
8,6604,5,50
8,5828,5,50
8,13396,5,50
8,2936,5,50
8,4692,5,50
8,10816,5,50
8,2980,5,50
8,4888,5,50
8,2944,5,50
8,9596,5,50
8,4980,5,50
8,2652,5,50
8,11340,5,50
8,2116,5,50
8,9024,5,50
8,6104,5,50
8,14124,5,50
8,9616,5,50
8,6616,5,50
8,11712,5,50
8,5036,5,50
8,6752,5,50
8,11404,5,50
8,6872,5,50
8,9848,5,50
8,2880,5,50
8,2860,5,50
8,5920,5,50
8,14856,5,50
8,6556,5,50
8,5196,5,50
8,6680,5,50
8,11284,5,50
8,14956,5,50
8,6584,5,50
8,2960,5,50
8,6836,5,50
8,5184,5,60
8,8764,5,60
8,9668,5,50
8,5100,5,60
8,1036,6,70
8,6580,5,60
8,2292,6,70
8,4148,6,70
8,1124,6,70
8,6604,6,70
8,2548,6,70
8,11604,6,70
8,13244,6,70
8,13580,6,70
8,6656,6,70
8,2872,6,70
8,13480,6,70
8,4404,6,70
8,4912,6,70
8,1164,6,70
8,1624,6,70
8,6460,6,70
8,14772,6,70
8,4768,6,70
8,2768,6,70
8,5116,6,70
8,2596,6,70
8,2344,6,70
8,4952,6,70
8,5004,6,70
8,9836,6,70
8,13424,6,70
8,7224,6,70
8,2876,6,70
8,9056,6,70
8,9728,6,70
8,6624,6,70
8,2564,6,70
8,2140,6,70
8,6860,6,70
8,2864,6,70
8,4336,6,70
8,2836,6,70
8,6528,6,70
8,6704,6,70
8,2168,6,70
8,2772,6,70
8,6372,6,70
8,6756,6,70
8,5612,6,70
8,756,6,70
8,2792,6,70
8,6632,6,70
8,6532,6,70
8,11584,6,70
8,6032,6,70
8,4936,6,70
8,11316,6,70
8,5956,6,70
8,6464,6,70
8,10576,6,70
8,2200,6,70
8,6640,6,70
8,2964,6,70
8,1928,6,70
8,11692,6,70
8,7024,6,70
8,2620,6,70
8,13524,6,70
8,11288,6,70
8,6324,6,70
8,1112,6,70
8,2836,6,70
8,8964,6,70
8,1128,6,70
8,6184,6,70
8,2216,6,70
8,5940,6,70
8,6428,6,70
8,2656,6,70
8,6412,6,70
8,4924,6,70
8,6708,6,70
8,1860,6,70
8,2888,6,70
8,4404,6,70
8,1456,6,70
8,6828,6,70
8,13916,6,70
8,2668,6,70
8,2892,6,70
8,1488,6,70
8,3996,6,70
8,6228,6,70
8,212,6,70
8,2548,6,70
8,6396,6,70
8,6008,6,70
8,5572,6,70
8,4996,6,70
8,11636,6,70
8,964,6,70
8,5328,6,70
8,13680,6,70
8,14676,6,70
8,6832,6,70
8,6628,6,70
8,9056,6,70
8,1920,6,70
8,5812,7,80
8,2952,7,80
8,4064,7,80
8,6212,7,80
8,5752,7,80
8,4960,7,80
8,4816,7,80
8,6448,7,80
8,2788,7,80
8,11156,7,80
8,2676,7,80
8,2596,7,80
8,1972,7,80
8,6168,7,80
8,6204,7,80
8,2632,7,80
8,2324,7,80
8,2792,7,80
8,3980,7,80
8,4928,7,80
8,6652,7,80
8,13240,7,80
8,2848,7,80
8,4872,7,80
8,6368,7,80
8,2740,7,80
8,1760,7,80
8,13576,7,80
8,2848,7,80
8,13588,7,80
8,3008,7,80
8,6560,7,80
8,11340,7,80
8,6444,7,80
8,4988,7,80
8,2736,7,80
8,4364,7,80
8,4944,7,80
8,5440,7,80
8,6268,7,80
8,11124,7,80
8,1024,7,80
8,3080,7,80
8,508,7,80
8,468,7,80
8,2604,7,80
8,2444,7,80
8,836,7,80
8,4904,7,80
8,4992,7,80
8,1496,7,80
8,2668,7,80
8,1936,7,80
8,6424,7,80
8,5040,7,80
8,6612,7,80
8,4508,7,80
8,6968,7,80
8,6940,7,80
8,2188,7,80
8,2692,7,80
8,1252,7,80
8,2672,7,80
8,1176,7,80
8,13196,7,80
8,996,7,80
8,4932,7,80
8,5284,7,80
8,2920,7,80
8,2708,7,80
8,856,7,80
8,5940,7,80
8,6364,7,80
8,2900,7,80
8,6536,7,80
8,1216,7,80
8,4680,7,80
8,3436,7,80
8,1284,7,80
8,2196,7,80
8,4692,7,80
8,1284,7,80
8,6360,7,80
8,648,7,80
8,2428,7,80
8,5040,7,80
8,1328,7,80
8,4688,7,80
8,1216,7,80
8,692,7,80
8,2760,7,80
8,1980,7,80
8,2800,7,80
8,6684,7,80
8,984,7,80
8,6032,7,80
8,4136,7,80
8,6592,7,80
8,2844,7,80
8,1608,7,80
8,6324,7,80
8,4748,7,80
8,6792,7,80
8,1104,7,90
8,2528,7,80
8,2556,7,90
8,3120,7,90
8,3028,8,100
8,2608,8,100
8,1144,8,100
8,5792,7,90
8,1104,8,100
8,1220,8,100
8,532,8,100
8,2696,8,100
8,1888,8,100
8,556,8,100
8,904,8,100
8,2784,8,100
8,2240,8,100
8,720,8,100
8,4856,8,100
8,644,8,100
8,2312,8,100
8,1428,8,100
8,980,8,100
8,632,8,100
8,432,8,100
8,4684,8,100
8,2824,8,100
8,6208,8,100
8,2640,8,100
8,904,8,100
8,2260,8,100
8,3500,8,100
8,2296,8,100
8,620,8,100
8,2292,8,100
8,880,8,100
8,532,8,100
8,2184,8,100
8,1628,8,100
8,1440,8,100
8,4268,8,100
8,2112,8,100
8,1344,8,100
8,548,8,100
8,2596,8,100
8,880,8,100
8,2812,8,100
8,5800,8,100
8,2544,8,100
8,668,8,100
8,1892,8,100
8,4128,8,100
8,620,8,100
8,932,8,100
8,368,8,100
8,768,8,100
8,2512,8,100
8,1064,8,100
8,2076,8,100
8,2180,8,100
8,960,8,100
8,1112,8,100
8,444,8,100
8,1316,8,100
8,2120,8,100
8,2204,8,100
8,2228,8,100
8,2876,8,100
8,660,8,100
8,4708,8,100
8,1884,8,100
8,1284,8,100
8,2096,8,100
8,1288,8,100
8,1908,8,100
8,532,8,100
8,2664,8,100
8,2480,8,100
8,2600,8,100
8,2820,8,100
8,2664,8,100
8,532,8,100
8,1388,8,100
8,2860,8,100
8,1996,8,100
8,768,8,100
8,1540,8,100
8,2812,8,100
8,924,8,100
8,2832,8,100
8,2200,8,100
8,4248,8,100
8,784,8,100
8,6176,8,100
8,5820,8,100
8,1576,8,100
8,2868,8,100
8,2788,8,100
8,288,8,100
8,2204,8,100
8,880,8,100
8,1468,8,100
8,400,8,100
8,1368,8,100
8,4396,8,100
8,932,8,100
8,5024,8,100
8,2624,8,100
8,5728,8,100
16,2556,0,0
16,2088,0,0
16,6092,0,0
16,6052,0,0
16,10704,0,0
16,3020,0,0
16,11572,0,0
16,11260,0,0
16,13124,0,0
16,11316,0,0
16,2980,0,0
16,11036,0,0
16,6516,0,0
16,5792,0,0
16,15008,0,0
16,11308,0,0
16,15284,0,0
16,6612,0,0
16,11344,0,0
16,9712,0,0
16,13072,0,0
16,6536,0,0
16,14528,0,0
16,2936,0,0
16,6576,0,0
16,2724,0,0
16,5944,0,0
16,6564,0,0
16,4880,0,0
16,6400,0,0
16,4876,0,0
16,12888,0,0
16,6472,0,0
16,2800,0,0
16,6532,0,0
16,14812,0,0
16,11400,0,0
16,6260,0,0
16,14672,0,0
16,14988,0,0
16,13340,0,0
16,6560,0,0
16,24792,0,0
16,6516,0,0
16,23908,0,0
16,11760,0,0
16,13336,0,0
16,11440,0,0
16,15128,0,0
16,4660,0,0
16,6452,0,0
16,6428,0,0
16,6928,0,0
16,6508,0,0
16,23992,0,0
16,2756,0,0
16,6760,0,0
16,2788,0,0
16,13712,0,0
16,6520,0,0
16,11164,0,0
16,2640,0,0
16,11376,0,0
16,11124,0,0
16,11268,0,0
16,11128,0,0
16,14468,0,0
16,13464,0,0
16,6516,0,0
16,13472,0,0
16,6764,0,0
16,6392,0,0
16,13188,0,0
16,6504,0,0
16,6200,0,0
16,14540,0,0
16,1252,0,0
16,21768,0,0
16,4884,0,0
16,11472,0,0
16,13476,0,0
16,11116,0,0
16,6560,0,0
16,6464,0,0
16,14908,0,0
16,6512,0,0
16,13436,0,0
16,11312,0,0
16,30444,0,0
16,6716,0,0
16,2796,0,0
16,11816,0,0
16,2820,0,0
16,11368,0,0
16,12092,0,0
16,11256,0,0
16,6812,0,0
16,14748,0,0
16,14696,0,0
16,13396,0,0
16,14356,0,0
16,11424,0,0
16,6484,0,0
16,13476,0,0
16,5092,3,10
16,10656,3,10
16,13432,3,10
16,6460,3,10
16,6900,3,10
16,5124,3,10
16,6148,3,10
16,6536,3,10
16,5952,3,10
16,2860,3,10
16,13428,3,10
16,4512,3,10
16,6036,3,10
16,3332,3,10
16,11504,3,10
16,6372,3,10
16,11400,3,10
16,9856,3,10
16,2896,3,10
16,11320,3,10
16,5936,3,10
16,3276,3,10
16,6668,3,10
16,4960,3,10
16,2560,3,10
16,2928,3,10
16,12868,3,10
16,5204,3,10
16,4856,3,10
16,6848,3,10
16,5248,3,10
16,5220,3,10
16,11284,3,10
16,6640,3,10
16,3172,3,10
16,5040,3,10
16,11200,3,10
16,7476,3,10
16,6612,3,10
16,4384,3,10
16,3676,3,10
16,5056,3,10
16,5008,3,10
16,15132,3,10
16,2980,3,10
16,6592,3,10
16,6680,3,10
16,11404,3,10
16,6828,3,10
16,10972,3,10
16,1228,3,10
16,2840,3,10
16,3212,3,10
16,12952,3,10
16,6916,3,10
16,6908,3,10
16,6624,3,10
16,6276,3,10
16,11560,3,10
16,6632,3,10
16,6676,3,10
16,4800,3,10
16,4404,3,10
16,6676,3,10
16,11136,3,10
16,5272,3,10
16,2928,3,10
16,6168,3,10
16,6612,3,10
16,7036,3,10
16,12020,3,10
16,3164,3,10
16,10996,3,10
16,6864,3,10
16,11420,3,10
16,11308,3,10
16,6556,3,10
16,6148,3,10
16,6464,3,10
16,2904,3,10
16,6816,3,10
16,5256,3,10
16,6976,3,10
16,2900,3,10
16,6680,3,10
16,9224,3,10
16,11132,3,10
16,6580,3,10
16,14488,3,10
16,6904,3,10
16,6972,3,10
16,6364,3,10
16,6712,3,10
16,4940,3,10
16,6948,3,10
16,5148,3,10
16,6652,3,10
16,13452,3,10
16,9924,3,10
16,6472,3,10
16,5980,3,10
16,5116,3,10
16,5340,3,10
16,6928,4,20
16,6668,3,10
16,5924,4,20
16,6540,4,20
16,2936,4,20
16,15160,4,20
16,7104,4,20
16,7124,4,20
16,9844,4,20
16,5980,4,20
16,13460,4,20
16,6228,4,20
16,6788,4,20
16,3164,4,20
16,6732,4,20
16,11500,4,20
16,5072,4,20
16,6588,4,20
16,2912,4,20
16,6212,4,20
16,11388,4,20
16,11172,4,20
16,11408,4,20
16,6384,4,20
16,6220,4,20
16,5328,4,20
16,6796,4,20
16,6728,4,20
16,2848,4,20
16,5316,4,20
16,5048,4,20
16,3136,4,20
16,6824,4,20
16,11232,4,20
16,7348,4,20
16,6388,4,20
16,12948,4,20
16,6644,4,20
16,6704,4,20
16,14408,4,20
16,6752,4,20
16,6544,4,20
16,11100,4,20
16,6568,4,20
16,6672,4,20
16,6940,4,20
16,6720,4,20
16,6524,4,20
16,6692,4,20
16,11684,4,20
16,3244,4,20
16,6552,4,20
16,5076,4,20
16,14224,4,20
16,6688,4,20
16,10340,4,20
16,5356,4,20
16,12368,4,20
16,10896,4,20
16,6812,4,20
16,9920,4,20
16,3528,4,20
16,9876,4,20
16,14920,4,20
16,12012,4,20
16,6084,4,20
16,14864,4,20
16,13460,4,20
16,5148,4,20
16,6888,4,20
16,4868,4,20
16,6660,4,20
16,6912,4,20
16,14520,4,20
16,5556,4,20
16,4972,4,20
16,2780,4,20
16,6876,4,20
16,2948,4,20
16,7112,4,20
16,9816,4,20
16,2788,4,20
16,2988,4,20
16,11192,4,20
16,5236,4,20
16,6656,4,20
16,2840,4,20
16,6900,4,20
16,9948,4,20
16,6272,4,20
16,12164,4,20
16,11332,4,20
16,6840,4,20
16,13572,4,20
16,6812,4,20
16,5052,4,20
16,4952,4,20
16,6856,4,20
16,2572,4,20
16,2820,4,20
16,6456,4,20
16,2224,4,20
16,11124,4,20
16,6024,4,20
16,6844,4,20
16,6580,5,30
16,6884,5,30
16,12188,5,30
16,14448,5,30
16,6640,5,30
16,6572,5,30
16,11344,5,30
16,11500,5,30
16,9852,5,30
16,14924,5,30
16,11600,5,30
16,6384,5,30
16,11476,5,30
16,4800,5,30
16,15084,5,30
16,9848,5,30
16,6804,5,30
16,5152,5,30
16,6116,5,30
16,6600,5,30
16,2800,5,30
16,6764,5,30
16,9720,5,30
16,4944,5,30
16,13648,5,30
16,11356,5,30
16,6596,5,30
16,5848,5,30
16,15268,5,30
16,9508,5,30
16,11608,5,30
16,13708,5,30
16,13572,5,30
16,11412,5,30
16,6768,5,30
16,3208,5,30
16,11552,5,30
16,11384,5,30
16,2700,5,30
16,6896,5,30
16,13572,5,30
16,11540,5,30
16,14868,5,30
16,11624,5,30
16,6940,5,30
16,11444,5,30
16,6932,5,30
16,13600,5,30
16,5112,5,30
16,13844,5,30
16,6720,5,30
16,11316,5,30
16,14640,5,30
16,7096,5,30
16,3088,5,30
16,3284,5,30
16,13524,5,30
16,11072,5,30
16,15060,5,30
16,6664,5,30
16,14544,5,30
16,6636,5,30
16,14908,5,30
16,11768,5,30
16,6368,5,30
16,11424,5,30
16,6992,5,30
16,6064,5,30
16,6892,5,30
16,14448,5,30
16,11396,5,30
16,13260,5,30
16,6004,5,30
16,6544,5,30
16,5064,5,30
16,15072,5,30
16,6900,5,30
16,10904,5,30
16,6660,5,30
16,13448,5,30
16,6384,5,30
16,6032,5,30
16,2796,5,30
16,9832,5,30
16,5168,5,30
16,5500,5,30
16,2956,5,30
16,6268,5,30
16,6600,5,30
16,13436,5,30
16,13592,5,30
16,7464,5,30
16,6588,5,30
16,6636,5,30
16,3256,5,30
16,6568,5,30
16,14512,5,30
16,9732,5,30
16,13488,5,30
16,5348,5,30
16,11612,5,30
16,3120,5,30
16,5912,5,30
16,11660,5,30
16,6632,7,40
16,6524,7,40
16,6700,7,40
16,6456,7,40
16,14604,7,40
16,11068,7,40
16,9868,7,40
16,6832,7,40
16,6516,7,40
16,6520,7,40
16,14988,7,40
16,11720,7,40
16,5020,7,40
16,10020,7,40
16,5020,7,40
16,6648,7,40
16,6556,7,40
16,15164,7,40
16,5336,7,40
16,7324,7,40
16,13672,7,40
16,2888,7,40
16,5048,7,40
16,14524,7,40
16,2276,7,40
16,6388,7,40
16,11632,7,40
16,6564,7,40
16,11644,7,40
16,6936,7,40
16,7608,7,40
16,11316,7,40
16,11420,7,40
16,6244,7,40
16,2780,7,40
16,4908,7,40
16,11160,7,40
16,6876,7,40
16,11568,7,40
16,5720,7,40
16,6776,7,40
16,6536,7,40
16,11324,7,40
16,3148,7,40
16,2884,7,40
16,11392,7,40
16,10704,7,40
16,6468,7,40
16,5264,7,40
16,11604,7,40
16,13564,7,40
16,6824,7,40
16,6384,7,40
16,6252,7,40
16,13480,7,40
16,11636,7,40
16,14404,7,40
16,6672,7,40
16,14872,7,40
16,6392,7,40
16,15068,7,40
16,6680,7,40
16,15552,7,40
16,6720,7,40
16,13652,7,40
16,7244,7,40
16,9824,7,40
16,21916,7,40
16,11092,7,40
16,11772,7,40
16,7568,7,40
16,13748,7,40
16,13488,7,40
16,6496,7,40
16,4888,7,40
16,6864,7,40
16,6260,7,40
16,13676,7,40
16,12872,7,40
16,10184,7,40
16,11488,7,40
16,6684,7,40
16,13948,7,40
16,11456,7,40
16,6672,7,40
16,6264,7,40
16,6268,7,40
16,5304,7,40
16,6676,7,40
16,11384,7,40
16,4908,7,40
16,6576,7,40
16,9932,7,40
16,14432,7,40
16,13464,7,40
16,13080,7,40
16,11588,7,40
16,6888,7,40
16,11492,7,40
16,5840,7,40
16,6320,7,40
16,5988,7,40
16,13208,7,40
16,11536,7,40
16,11444,9,50
16,7044,9,50
16,6976,9,50
16,6944,9,50
16,6556,9,50
16,6692,9,50
16,10836,9,50
16,10952,9,50
16,6416,9,50
16,6596,9,50
16,14680,9,50
16,2776,9,50
16,11380,9,50
16,9840,9,50
16,11268,9,50
16,4292,9,50
16,5204,9,50
16,11676,9,50
16,3840,9,50
16,5776,9,50
16,10684,9,50
16,6268,9,50
16,13520,9,50
16,6464,9,50
16,6680,9,50
16,4976,9,50
16,6488,9,50
16,13480,9,50
16,14604,9,50
16,15768,9,50
16,11532,9,50
16,13500,9,50
16,11044,9,50
16,6652,9,50
16,7052,9,50
16,13628,9,50
16,15316,9,50
16,12888,9,50
16,11496,9,50
16,14088,9,50
16,6668,9,50
16,6876,9,50
16,11192,9,50
16,13280,9,50
16,15332,9,50
16,3112,9,50
16,5084,9,50
16,13568,9,50
16,2888,9,50
16,3072,9,50
16,9696,9,50
16,13072,9,50
16,12348,9,50
16,6548,9,50
16,23984,9,50
16,14400,9,50
16,6528,9,50
16,14916,9,50
16,6756,9,50
16,9796,9,50
16,13316,9,50
16,12500,9,50
16,10352,9,50
16,14832,9,50
16,11324,9,50
16,5904,9,50
16,4816,9,50
16,11384,9,50
16,4940,9,50
16,11436,9,50
16,6616,9,50
16,14780,9,50
16,6564,9,50
16,5796,9,50
16,14436,9,50
16,4776,9,50
16,13584,9,50
16,7316,9,50
16,14256,9,50
16,2780,9,50
16,11536,9,50
16,6796,9,50
16,14984,9,50
16,10224,9,50
16,10736,9,50
16,6840,9,50
16,2732,9,50
16,21888,9,50
16,2732,9,50
16,11472,9,50
16,13068,9,50
16,11664,9,50
16,6472,9,50
16,11092,9,50
16,5096,9,50
16,5904,9,50
16,6884,9,50
16,4768,9,50
16,14964,9,50
16,5432,9,50
16,6248,9,50
16,6740,9,50
16,14660,9,50
16,9096,10,60
16,10708,9,50
16,5052,10,60
16,6356,10,60
16,4928,10,60
16,15088,10,60
16,15296,10,60
16,6640,10,60
16,3708,10,60
16,15144,10,60
16,11036,10,60
16,6088,10,60
16,5000,10,60
16,6548,10,60
16,13624,10,60
16,14248,10,60
16,6328,10,60
16,11440,10,60
16,11300,10,60
16,2884,10,60
16,6528,10,60
16,2912,10,60
16,1344,10,60
16,13608,10,60
16,13600,10,60
16,7032,10,60
16,5908,10,60
16,4912,10,60
16,6652,10,60
16,6608,10,60
16,11196,10,60
16,25760,10,60
16,14540,10,60
16,11460,10,60
16,5100,10,60
16,2904,10,60
16,14776,10,60
16,6576,10,60
16,9552,10,60
16,6892,10,60
16,5752,10,60
16,11356,10,60
16,13748,10,60
16,6556,10,60
16,11636,10,60
16,6832,10,60
16,1924,10,60
16,6200,10,60
16,2736,10,60
16,14724,10,60
16,11140,10,60
16,4988,10,60
16,14440,10,60
16,6628,10,60
16,11440,10,60
16,6540,10,60
16,14376,10,60
16,13552,10,60
16,11416,10,60
16,16028,10,60
16,10476,10,60
16,15076,10,60
16,6548,10,60
16,5012,10,60
16,5256,10,60
16,14424,10,60
16,6652,10,60
16,10088,10,60
16,11740,10,60
16,15384,10,60
16,11412,10,60
16,6688,10,60
16,7348,10,60
16,6744,10,60
16,5052,10,60
16,2916,10,60
16,15164,10,60
16,6544,10,60
16,10664,10,60
16,6492,10,60
16,10792,10,60
16,10844,10,60
16,4708,10,60
16,14784,10,60
16,12784,10,60
16,14396,10,60
16,11504,10,60
16,14356,10,60
16,4980,10,60
16,11016,10,60
16,6964,10,60
16,15424,10,60
16,5068,10,60
16,15288,10,60
16,6944,10,60
16,6028,10,60
16,13388,10,60
16,3116,10,60
16,11396,10,60
16,11436,10,60
16,15168,10,60
16,21888,10,60
16,6500,10,60
16,4912,10,60
16,6592,11,70
16,14868,10,60
16,13660,11,70
16,13496,11,70
16,15124,11,70
16,6528,11,70
16,6412,11,70
16,11472,11,70
16,25028,11,70
16,6724,11,70
16,14976,11,70
16,9440,11,70
16,13632,11,70
16,6320,11,70
16,11424,11,70
16,11480,11,70
16,6476,11,70
16,13536,11,70
16,11572,11,70
16,11180,11,70
16,4232,11,70
16,6880,11,70
16,24184,11,70
16,6988,11,70
16,2432,11,70
16,2848,11,70
16,11532,11,70
16,2956,11,70
16,2904,11,70
16,4968,11,70
16,5728,11,70
16,6584,11,70
16,15292,11,70
16,4696,11,70
16,9932,11,70
16,2552,11,70
16,6712,11,70
16,11672,11,70
16,13960,11,70
16,6836,11,70
16,6408,11,70
16,5744,11,70
16,15452,11,70
16,10108,11,70
16,15172,11,70
16,6624,11,70
16,6544,11,70
16,4272,11,70
16,6580,11,70
16,2664,11,70
16,4720,11,70
16,15124,11,70
16,3112,11,70
16,6900,11,70
16,11580,11,70
16,14284,11,70
16,3160,11,70
16,11112,11,70
16,15220,11,70
16,6872,11,70
16,13692,11,70
16,11364,11,70
16,6604,11,70
16,6624,11,70
16,11184,11,70
16,4640,11,70
16,5936,11,70
16,21572,11,70
16,11588,11,70
16,14720,11,70
16,11312,11,70
16,14360,11,70
16,6168,11,70
16,4976,11,70
16,6652,11,70
16,11320,11,70
16,9692,11,70
16,12656,11,70
16,11456,11,70
16,13816,11,70
16,11600,11,70
16,2812,11,70
16,13348,11,70
16,6172,11,70
16,23272,11,70
16,14168,11,70
16,13528,11,70
16,2508,11,70
16,11032,11,70
16,6356,11,70
16,6568,11,70
16,6292,11,70
16,6556,11,70
16,6516,11,70
16,11612,11,70
16,6508,11,70
16,11368,11,70
16,14048,11,70
16,9696,11,70
16,15436,11,70
16,6700,11,70
16,6464,11,70
16,2892,11,70
16,4204,13,80
16,15016,11,70
16,6848,13,80
16,9616,13,80
16,5304,13,80
16,15020,13,80
16,4224,13,80
16,13324,13,80
16,9716,13,80
16,2528,13,80
16,6616,13,80
16,14252,13,80
16,11580,13,80
16,14372,13,80
16,10308,13,80
16,5636,13,80
16,2172,13,80
16,6620,13,80
16,5680,13,80
16,4492,13,80
16,2720,13,80
16,15112,13,80
16,4260,13,80
16,696,13,80
16,6652,13,80
16,1488,13,80
16,3068,13,80
16,5880,13,80
16,2724,13,80
16,13580,13,80
16,11420,13,80
16,13672,13,80
16,6648,13,80
16,10048,13,80
16,11376,13,80
16,1188,13,80
16,2760,13,80
16,9460,13,80
16,6580,13,80
16,9644,13,80
16,15100,13,80
16,6532,13,80
16,15408,13,80
16,2356,13,80
16,10636,13,80
16,5740,13,80
16,3004,13,80
16,15084,13,80
16,14848,13,80
16,14404,13,80
16,4304,13,80
16,11116,13,80
16,6656,13,80
16,4700,13,80
16,6320,13,80
16,5892,13,80
16,4792,13,80
16,11460,13,80
16,6420,13,80
16,5172,13,80
16,10604,13,80
16,4792,13,80
16,6816,13,80
16,14424,13,80
16,6452,13,80
16,11608,13,80
16,11396,13,80
16,6668,13,80
16,11404,13,80
16,2376,13,80
16,6652,13,80
16,11388,13,80
16,14412,13,80
16,2148,13,80
16,4456,13,80
16,5908,13,80
16,4080,13,80
16,12696,13,80
16,5292,13,80
16,4296,13,80
16,2132,13,80
16,2768,13,80
16,6404,13,80
16,6612,13,80
16,1176,13,80
16,5972,13,80
16,6152,13,80
16,2760,13,80
16,9708,13,80
16,12984,13,80
16,5784,13,80
16,4272,13,80
16,5716,13,80
16,2536,13,80
16,6584,13,80
16,15400,13,80
16,13428,13,80
16,14080,13,80
16,12712,13,80
16,6512,13,80
16,13320,13,80
16,4996,13,80
16,2132,13,80
16,2556,15,90
16,2224,15,90
16,14104,13,80
16,1468,15,90
16,672,15,90
16,2200,15,90
16,2024,15,90
16,6640,15,90
16,1132,15,90
16,2824,15,90
16,4796,15,90
16,1096,15,90
16,2876,15,90
16,4348,15,90
16,2492,15,90
16,4944,15,90
16,5860,15,90
16,2076,15,90
16,6392,15,90
16,5772,15,90
16,636,15,90
16,2204,15,90
16,10472,15,90
16,2152,15,90
16,1244,15,90
16,2488,15,90
16,4760,15,90
16,6544,15,90
16,6596,15,90
16,2788,15,90
16,2008,15,90
16,5864,15,90
16,1168,15,90
16,340,15,90
16,9940,15,90
16,4732,15,90
16,4944,15,90
16,2844,15,90
16,6704,15,90
16,4900,15,90
16,1332,15,90
16,2120,15,90
16,5064,15,90
16,4272,15,90
16,6212,15,90
16,12420,15,90
16,4656,15,90
16,1252,15,90
16,2072,15,90
16,4448,15,90
16,2508,15,90
16,1448,15,90
16,5700,15,90
16,4680,15,90
16,2756,15,90
16,5828,15,90
16,10792,15,90
16,3036,15,90
16,3072,15,90
16,2144,15,90
16,1988,15,90
16,3100,15,90
16,1572,15,90
16,4932,15,90
16,2828,15,90
16,4116,15,90
16,1760,15,90
16,6280,15,90
16,9336,15,90
16,1236,15,90
16,5548,15,90
16,4544,15,90
16,2084,15,90
16,6212,15,90
16,3600,15,90
16,1292,15,90
16,9424,15,90
16,6408,15,90
16,4244,15,90
16,2700,15,90
16,5520,15,90
16,2632,15,90
16,2136,15,90
16,9128,15,90
16,6424,15,90
16,2520,15,90
16,11388,15,90
16,2284,15,90
16,2676,15,90
16,2816,15,90
16,5704,15,90
16,4032,15,90
16,5580,15,90
16,4924,15,90
16,4280,15,90
16,9756,15,90
16,4092,15,90
16,9836,15,90
16,1756,15,90
16,4756,15,90
16,13532,15,90
16,2724,15,90
16,5512,15,90
16,796,16,100
16,1456,16,100
16,2776,16,100
16,5788,15,90
16,1204,16,100
16,2204,16,100
16,2568,16,100
16,2748,16,100
16,2588,16,100
16,1204,16,100
16,620,16,100
16,2860,16,100
16,4312,16,100
16,4092,16,100
16,9700,16,100
16,1128,16,100
16,4460,16,100
16,2220,16,100
16,1248,16,100
16,2840,16,100
16,1228,16,100
16,2704,16,100
16,14088,16,100
16,2640,16,100
16,1204,16,100
16,1000,16,100
16,860,16,100
16,1216,16,100
16,1696,16,100
16,2484,16,100
16,1476,16,100
16,2108,16,100
16,4828,16,100
16,828,16,100
16,4300,16,100
16,2752,16,100
16,2852,16,100
16,952,16,100
16,2832,16,100
16,2848,16,100
16,2844,16,100
16,5932,16,100
16,2328,16,100
16,2140,16,100
16,4628,16,100
16,3104,16,100
16,2124,16,100
16,936,16,100
16,2264,16,100
16,888,16,100
16,796,16,100
16,692,16,100
16,520,16,100
16,6212,16,100
16,3032,16,100
16,1068,16,100
16,324,16,100
16,2532,16,100
16,1588,16,100
16,2892,16,100
16,1372,16,100
16,2388,16,100
16,1080,16,100
16,3068,16,100
16,1932,16,100
16,2252,16,100
16,1624,16,100
16,2212,16,100
16,4940,16,100
16,2692,16,100
16,4948,16,100
16,484,16,100
16,3496,16,100
16,4192,16,100
16,2052,16,100
16,904,16,100
16,6280,16,100
16,652,16,100
16,1200,16,100
16,2348,16,100
16,1224,16,100
16,636,16,100
16,1192,16,100
16,584,16,100
16,3256,16,100
16,2100,16,100
16,1184,16,100
16,1272,16,100
16,5092,16,100
16,2392,16,100
16,1872,16,100
16,1316,16,100
16,2616,16,100
16,5872,16,100
16,2568,16,100
16,4376,16,100
16,1208,16,100
16,4216,16,100
16,4964,16,100
16,1816,16,100
16,2556,16,100
16,2812,16,100
16,3120,16,100
16,5860,16,100
32,2824,0,0
32,6556,0,0
32,15244,0,0
32,15036,0,0
32,24188,0,0
32,14520,0,0
32,25636,0,0
32,25672,0,0
32,14960,0,0
32,14264,0,0
32,14816,0,0
32,15176,0,0
32,11276,0,0
32,21712,0,0
32,6516,0,0
32,4648,0,0
32,25492,0,0
32,25792,0,0
32,6608,0,0
32,6624,0,0
32,26032,0,0
32,6620,0,0
32,15116,0,0
32,6488,0,0
32,14876,0,0
32,6556,0,0
32,11180,0,0
32,2764,0,0
32,25156,0,0
32,14228,0,0
32,15208,0,0
32,6576,0,0
32,6504,0,0
32,6692,0,0
32,13552,0,0
32,15288,0,0
32,14244,0,0
32,11284,0,0
32,11292,0,0
32,6624,0,0
32,30456,0,0
32,15128,0,0
32,11224,0,0
32,32668,0,0
32,6792,0,0
32,33888,0,0
32,5036,0,0
32,6776,0,0
32,9708,0,0
32,6416,0,0
32,11420,0,0
32,32576,0,0
32,25668,0,0
32,6796,0,0
32,14828,0,0
32,25616,0,0
32,11284,0,0
32,2904,0,0
32,15204,0,0
32,9800,0,0
32,11472,0,0
32,11272,0,0
32,5956,0,0
32,1836,0,0
32,11328,0,0
32,6544,0,0
32,13444,0,0
32,25652,0,0
32,14804,0,0
32,11652,0,0
32,6792,0,0
32,2608,0,0
32,13552,0,0
32,24164,0,0
32,6352,0,0
32,29044,0,0
32,25516,0,0
32,2840,0,0
32,24872,0,0
32,15124,0,0
32,25656,0,0
32,6552,0,0
32,14472,0,0
32,13420,0,0
32,13872,0,0
32,11356,0,0
32,14984,0,0
32,15092,0,0
32,11312,0,0
32,11312,0,0
32,6660,0,0
32,6024,0,0
32,30080,0,0
32,15116,0,0
32,6704,0,0
32,11436,0,0
32,14392,0,0
32,4988,0,0
32,6476,0,0
32,6880,0,0
32,6892,0,0
32,21908,0,0
32,6572,0,0
32,5200,4,10
32,13784,4,10
32,4924,4,10
32,11640,4,10
32,6712,4,10
32,5092,4,10
32,3392,4,10
32,4944,4,10
32,14948,4,10
32,5112,4,10
32,11144,4,10
32,12028,4,10
32,6304,4,10
32,6668,4,10
32,6536,4,10
32,6808,4,10
32,7028,4,10
32,11432,4,10
32,2680,4,10
32,6804,4,10
32,5904,4,10
32,9736,4,10
32,2872,4,10
32,2820,4,10
32,4944,4,10
32,6640,4,10
32,5248,4,10
32,6476,4,10
32,6836,4,10
32,11156,4,10
32,2948,4,10
32,1304,4,10
32,6612,4,10
32,13500,4,10
32,3116,4,10
32,3188,4,10
32,11448,4,10
32,3204,4,10
32,2856,4,10
32,2844,4,10
32,5188,4,10
32,11068,4,10
32,6744,4,10
32,11476,4,10
32,5212,4,10
32,2908,4,10
32,13556,4,10
32,5220,4,10
32,9596,4,10
32,14452,4,10
32,5976,4,10
32,6332,4,10
32,13900,4,10
32,6984,4,10
32,11168,4,10
32,14984,4,10
32,5184,4,10
32,11476,4,10
32,6832,4,10
32,6608,4,10
32,988,4,10
32,6664,4,10
32,13840,4,10
32,6616,4,10
32,11340,4,10
32,6828,4,10
32,5228,4,10
32,2844,4,10
32,6052,4,10
32,6324,4,10
32,7400,4,10
32,5920,4,10
32,10884,4,10
32,7656,4,10
32,5892,4,10
32,6508,4,10
32,6816,4,10
32,11252,4,10
32,13212,4,10
32,6880,4,10
32,4224,4,10
32,6612,4,10
32,5040,4,10
32,3152,4,10
32,5136,4,10
32,6656,4,10
32,6392,4,10
32,4924,4,10
32,2232,4,10
32,7032,4,10
32,6628,4,10
32,5636,4,10
32,7260,4,10
32,6968,4,10
32,6760,4,10
32,3000,4,10
32,6344,4,10
32,6632,4,10
32,2960,4,10
32,3180,4,10
32,6656,4,10
32,6588,4,10
32,5928,4,10
32,5032,7,20
32,11432,7,20
32,6612,7,20
32,14340,7,20
32,2876,7,20
32,6676,7,20
32,15052,7,20
32,6628,7,20
32,11744,7,20
32,3616,7,20
32,6812,7,20
32,11336,7,20
32,11412,7,20
32,11272,7,20
32,6968,7,20
32,6844,7,20
32,11372,7,20
32,15116,7,20
32,2964,7,20
32,6396,7,20
32,6288,7,20
32,13976,7,20
32,13432,7,20
32,5324,7,20
32,6496,7,20
32,6124,7,20
32,12376,7,20
32,11444,7,20
32,11380,7,20
32,12812,7,20
32,3048,7,20
32,6600,7,20
32,6652,7,20
32,13884,7,20
32,6988,7,20
32,6624,7,20
32,3180,7,20
32,12904,7,20
32,11428,7,20
32,5200,7,20
32,6624,7,20
32,11388,7,20
32,4896,7,20
32,6624,7,20
32,6604,7,20
32,14540,7,20
32,6652,7,20
32,2808,7,20
32,3028,7,20
32,9688,7,20
32,14960,7,20
32,6596,7,20
32,5004,7,20
32,5104,7,20
32,6524,7,20
32,14824,7,20
32,6036,7,20
32,11780,7,20
32,6000,7,20
32,14820,7,20
32,15120,7,20
32,6656,7,20
32,6452,7,20
32,6640,7,20
32,10512,7,20
32,10928,7,20
32,11508,7,20
32,15048,7,20
32,6532,7,20
32,5172,7,20
32,6720,7,20
32,14880,7,20
32,6588,7,20
32,6896,7,20
32,11460,7,20
32,13292,7,20
32,6584,7,20
32,6612,7,20
32,11364,7,20
32,14872,7,20
32,6692,7,20
32,5208,7,20
32,15796,7,20
32,13644,7,20
32,11360,7,20
32,7236,7,20
32,6508,7,20
32,14564,7,20
32,6924,7,20
32,7332,7,20
32,6736,7,20
32,5056,7,20
32,14448,7,20
32,11332,7,20
32,13616,7,20
32,24228,7,20
32,6572,7,20
32,11564,7,20
32,13792,7,20
32,13496,7,20
32,7580,7,20
32,6860,7,20
32,6940,10,30
32,14436,10,30
32,6612,10,30
32,6688,10,30
32,13668,10,30
32,10740,10,30
32,11396,10,30
32,11612,10,30
32,5088,10,30
32,6408,10,30
32,5172,10,30
32,6656,10,30
32,13832,10,30
32,6188,10,30
32,5916,10,30
32,11468,10,30
32,11620,10,30
32,13728,10,30
32,11500,10,30
32,6736,10,30
32,6616,10,30
32,6796,10,30
32,15120,10,30
32,6040,10,30
32,14936,10,30
32,6440,10,30
32,11392,10,30
32,11552,10,30
32,13708,10,30
32,11420,10,30
32,15064,10,30
32,26256,10,30
32,1900,10,30
32,6580,10,30
32,11532,10,30
32,6472,10,30
32,11424,10,30
32,6784,10,30
32,11068,10,30
32,6500,10,30
32,7260,10,30
32,11588,10,30
32,6556,10,30
32,13636,10,30
32,14956,10,30
32,13816,10,30
32,6492,10,30
32,6580,10,30
32,11336,10,30
32,11604,10,30
32,6696,10,30
32,6876,10,30
32,6488,10,30
32,15776,10,30
32,5568,10,30
32,6864,10,30
32,5064,10,30
32,15380,10,30
32,11652,10,30
32,24212,10,30
32,11964,10,30
32,13828,10,30
32,6148,10,30
32,11568,10,30
32,15260,10,30
32,13560,10,30
32,15276,10,30
32,11420,10,30
32,15144,10,30
32,6500,10,30
32,7116,10,30
32,6284,10,30
32,13564,10,30
32,11832,10,30
32,6684,10,30
32,14504,10,30
32,12040,10,30
32,15012,10,30
32,13468,10,30
32,25412,10,30
32,24032,10,30
32,9844,10,30
32,14964,10,30
32,6664,10,30
32,13944,10,30
32,12068,10,30
32,14680,10,30
32,2924,10,30
32,11624,10,30
32,4696,10,30
32,14916,10,30
32,15060,10,30
32,11552,10,30
32,6848,10,30
32,10672,10,30
32,6412,10,30
32,10620,10,30
32,5128,10,30
32,11248,10,30
32,6732,10,30
32,15140,10,30
32,11332,10,30
32,13528,10,30
32,6588,13,40
32,13864,13,40
32,10928,13,40
32,11480,13,40
32,11528,13,40
32,6692,13,40
32,23832,13,40
32,6704,13,40
32,15108,13,40
32,14276,13,40
32,14920,13,40
32,2772,13,40
32,11324,13,40
32,14996,13,40
32,11464,13,40
32,7308,13,40
32,6924,13,40
32,15596,13,40
32,15128,13,40
32,3156,13,40
32,2996,13,40
32,23460,13,40
32,13320,13,40
32,7092,13,40
32,6156,13,40
32,10960,13,40
32,6088,13,40
32,15076,13,40
32,1152,13,40
32,13460,13,40
32,5164,13,40
32,13628,13,40
32,13904,13,40
32,6920,13,40
32,6688,13,40
32,11712,13,40
32,6932,13,40
32,11288,13,40
32,6584,13,40
32,11844,13,40
32,6800,13,40
32,20460,13,40
32,11276,13,40
32,6624,13,40
32,6692,13,40
32,11388,13,40
32,11452,13,40
32,13292,13,40
32,14660,13,40
32,11368,13,40
32,6660,13,40
32,13672,13,40
32,11360,13,40
32,14752,13,40
32,15248,13,40
32,13680,13,40
32,11548,13,40
32,22180,13,40
32,11736,13,40
32,11464,13,40
32,13644,13,40
32,14708,13,40
32,9756,13,40
32,14872,13,40
32,6612,13,40
32,22288,13,40
32,11468,13,40
32,11392,13,40
32,7428,13,40
32,21896,13,40
32,11544,13,40
32,14204,13,40
32,15516,13,40
32,7280,13,40
32,6792,13,40
32,11468,13,40
32,15244,13,40
32,6708,13,40
32,11580,13,40
32,15144,13,40
32,14316,13,40
32,13504,13,40
32,15108,13,40
32,15188,13,40
32,9824,13,40
32,6740,13,40
32,14852,13,40
32,6916,13,40
32,13256,13,40
32,11460,13,40
32,14516,13,40
32,6552,13,40
32,6548,13,40
32,11472,13,40
32,11416,13,40
32,15048,13,40
32,6792,13,40
32,14196,13,40
32,6836,13,40
32,14884,13,40
32,13892,13,40
32,6964,13,40
32,2916,17,50
32,11420,13,40
32,6668,17,50
32,25252,13,40
32,14996,17,50
32,14520,17,50
32,10796,17,50
32,13624,17,50
32,14924,17,50
32,5068,17,50
32,13880,17,50
32,15336,17,50
32,15636,17,50
32,14956,17,50
32,6392,17,50
32,6892,17,50
32,14844,17,50
32,15148,17,50
32,14492,17,50
32,25192,17,50
32,12388,17,50
32,14020,17,50
32,15596,17,50
32,14920,17,50
32,13640,17,50
32,6664,17,50
32,13880,17,50
32,11308,17,50
32,9900,17,50
32,14760,17,50
32,5068,17,50
32,6672,17,50
32,25108,17,50
32,13696,17,50
32,15096,17,50
32,15152,17,50
32,15020,17,50
32,7056,17,50
32,25380,17,50
32,11616,17,50
32,6544,17,50
32,5064,17,50
32,6736,17,50
32,15092,17,50
32,15064,17,50
32,14064,17,50
32,11836,17,50
32,11336,17,50
32,13528,17,50
32,13840,17,50
32,15164,17,50
32,11608,17,50
32,14732,17,50
32,5704,17,50
32,6956,17,50
32,6508,17,50
32,6816,17,50
32,13612,17,50
32,15168,17,50
32,15796,17,50
32,6028,17,50
32,6532,17,50
32,15096,17,50
32,14536,17,50
32,6680,17,50
32,6860,17,50
32,15120,17,50
32,6248,17,50
32,13600,17,50
32,15220,17,50
32,20216,17,50
32,25816,17,50
32,6632,17,50
32,13660,17,50
32,3084,17,50
32,6944,17,50
32,11420,17,50
32,5052,17,50
32,5924,17,50
32,14444,17,50
32,11512,17,50
32,14440,17,50
32,14344,17,50
32,11700,17,50
32,6920,17,50
32,15204,17,50
32,6696,17,50
32,6560,17,50
32,11484,17,50
32,15120,17,50
32,11472,17,50
32,14624,17,50
32,11620,17,50
32,13600,17,50
32,15068,17,50
32,6572,17,50
32,6728,17,50
32,6592,17,50
32,5012,17,50
32,6332,17,50
32,14508,17,50
32,25764,17,50
32,15172,17,50
32,6656,17,50
32,6568,20,60
32,11320,20,60
32,10416,20,60
32,26028,17,50
32,6836,20,60
32,13704,20,60
32,25772,20,60
32,13748,20,60
32,14464,20,60
32,6884,20,60
32,11320,20,60
32,25040,20,60
32,13468,20,60
32,15040,20,60
32,13656,20,60
32,15072,20,60
32,6340,20,60
32,14492,20,60
32,13780,20,60
32,15760,20,60
32,13428,20,60
32,13436,20,60
32,5056,20,60
32,6576,20,60
32,11428,20,60
32,10868,20,60
32,22016,20,60
32,13916,20,60
32,6700,20,60
32,11076,20,60
32,11456,20,60
32,6620,20,60
32,29272,20,60
32,6672,20,60
32,5008,20,60
32,13488,20,60
32,6660,20,60
32,9696,20,60
32,15120,20,60
32,25240,20,60
32,11620,20,60
32,11812,20,60
32,10640,20,60
32,14996,20,60
32,15496,20,60
32,23332,20,60
32,15336,20,60
32,11344,20,60
32,30540,20,60
32,14976,20,60
32,13140,20,60
32,22024,20,60
32,11164,20,60
32,6424,20,60
32,15292,20,60
32,6560,20,60
32,6608,20,60
32,15292,20,60
32,11528,20,60
32,14756,20,60
32,15164,20,60
32,12844,20,60
32,6612,20,60
32,6520,20,60
32,6672,20,60
32,12016,20,60
32,26376,20,60
32,15276,20,60
32,25316,20,60
32,13864,20,60
32,15308,20,60
32,6728,20,60
32,15052,20,60
32,25676,20,60
32,12836,20,60
32,15108,20,60
32,10608,20,60
32,22312,20,60
32,14700,20,60
32,6624,20,60
32,15004,20,60
32,6768,20,60
32,14768,20,60
32,4744,20,60
32,13612,20,60
32,11600,20,60
32,24152,20,60
32,9812,20,60
32,25712,20,60
32,10744,20,60
32,21556,20,60
32,13644,20,60
32,2804,20,60
32,11416,20,60
32,14624,20,60
32,7140,20,60
32,14840,20,60
32,14408,20,60
32,13488,20,60
32,14956,20,60
32,15792,20,60
32,13468,20,60
32,11400,20,60
32,6588,20,60
32,15072,23,70
32,13536,23,70
32,6484,23,70
32,2952,23,70
32,13664,23,70
32,14404,23,70
32,11408,23,70
32,11420,23,70
32,13680,23,70
32,4656,23,70
32,13392,23,70
32,13500,23,70
32,14780,23,70
32,6684,23,70
32,6612,23,70
32,7072,23,70
32,9860,23,70
32,11532,23,70
32,14992,23,70
32,15256,23,70
32,2480,23,70
32,13516,23,70
32,4828,23,70
32,14960,23,70
32,9916,23,70
32,11500,23,70
32,11268,23,70
32,14748,23,70
32,25728,23,70
32,12740,23,70
32,9704,23,70
32,11580,23,70
32,4896,23,70
32,6900,23,70
32,24364,23,70
32,6304,23,70
32,20256,23,70
32,23388,23,70
32,13692,23,70
32,10652,23,70
32,14780,23,70
32,6640,23,70
32,14352,23,70
32,25620,23,70
32,11172,23,70
32,25728,23,70
32,11320,23,70
32,24264,23,70
32,14460,23,70
32,13508,23,70
32,15232,23,70
32,6472,23,70
32,6664,23,70
32,15320,23,70
32,5912,23,70
32,15572,23,70
32,13400,23,70
32,13600,23,70
32,13700,23,70
32,9652,23,70
32,6532,23,70
32,4924,23,70
32,7012,23,70
32,13328,23,70
32,7272,23,70
32,13452,23,70
32,12812,23,70
32,15148,23,70
32,25648,23,70
32,5608,23,70
32,6544,23,70
32,11392,23,70
32,15212,23,70
32,5424,23,70
32,14680,23,70
32,6576,23,70
32,11476,23,70
32,15264,23,70
32,13536,23,70
32,15244,23,70
32,6548,23,70
32,14888,23,70
32,14288,23,70
32,5144,23,70
32,25620,23,70
32,14940,23,70
32,22080,23,70
32,11060,23,70
32,14608,23,70
32,6420,23,70
32,13428,23,70
32,5000,23,70
32,25012,23,70
32,15324,23,70
32,14236,23,70
32,14820,23,70
32,10708,23,70
32,11228,23,70
32,11372,23,70
32,22100,23,70
32,6244,23,70
32,1140,26,80
32,14872,23,70
32,13472,23,70
32,2820,26,80
32,12780,26,80
32,1628,26,80
32,5988,26,80
32,13856,26,80
32,15208,26,80
32,21504,26,80
32,13472,26,80
32,6240,26,80
32,14188,26,80
32,13476,26,80
32,6980,26,80
32,5072,26,80
32,11268,26,80
32,13480,26,80
32,6660,26,80
32,12992,26,80
32,2200,26,80
32,14828,26,80
32,15012,26,80
32,9600,26,80
32,6860,26,80
32,14924,26,80
32,15044,26,80
32,15164,26,80
32,13892,26,80
32,14476,26,80
32,13376,26,80
32,21868,26,80
32,11300,26,80
32,2792,26,80
32,6552,26,80
32,14352,26,80
32,20308,26,80
32,14692,26,80
32,10640,26,80
32,11084,26,80
32,4868,26,80
32,14800,26,80
32,964,26,80
32,15032,26,80
32,10648,26,80
32,9332,26,80
32,15004,26,80
32,11524,26,80
32,15052,26,80
32,14296,26,80
32,2764,26,80
32,15164,26,80
32,14456,26,80
32,11400,26,80
32,11476,26,80
32,2092,26,80
32,15416,26,80
32,1156,26,80
32,4052,26,80
32,6852,26,80
32,6780,26,80
32,4716,26,80
32,24904,26,80
32,6608,26,80
32,5448,26,80
32,11308,26,80
32,6708,26,80
32,11668,26,80
32,15056,26,80
32,13404,26,80
32,6836,26,80
32,6376,26,80
32,15204,26,80
32,2928,26,80
32,15208,26,80
32,15384,26,80
32,6440,26,80
32,6944,26,80
32,11552,26,80
32,15184,26,80
32,932,26,80
32,11324,26,80
32,11412,26,80
32,13772,26,80
32,13440,26,80
32,1172,26,80
32,11700,26,80
32,6468,26,80
32,14940,26,80
32,24152,26,80
32,7164,26,80
32,11288,26,80
32,14792,26,80
32,748,26,80
32,13420,26,80
32,12744,26,80
32,14764,26,80
32,13484,26,80
32,24240,26,80
32,2824,26,80
32,14052,26,80
32,13532,26,80
32,14588,26,80
32,13640,26,80
32,13564,26,80
32,10416,29,90
32,4816,29,90
32,14712,29,90
32,13372,29,90
32,6720,29,90
32,14104,29,90
32,1904,29,90
32,6592,29,90
32,6444,29,90
32,14656,29,90
32,21816,29,90
32,14816,29,90
32,10664,29,90
32,2504,29,90
32,13600,29,90
32,10944,29,90
32,11080,29,90
32,11348,29,90
32,13544,29,90
32,6200,29,90
32,2876,29,90
32,9044,29,90
32,6356,29,90
32,4936,29,90
32,11080,29,90
32,11364,29,90
32,5164,29,90
32,6768,29,90
32,1156,29,90
32,4652,29,90
32,25484,29,90
32,6596,29,90
32,9700,29,90
32,5032,29,90
32,6812,29,90
32,2828,29,90
32,2832,29,90
32,6212,29,90
32,6340,29,90
32,1196,29,90
32,5052,29,90
32,5944,29,90
32,13156,29,90
32,6572,29,90
32,5808,29,90
32,2852,29,90
32,4956,29,90
32,2108,29,90
32,5004,29,90
32,3992,29,90
32,3528,29,90
32,760,29,90
32,5772,29,90
32,13172,29,90
32,1164,29,90
32,5636,29,90
32,9056,29,90
32,6556,29,90
32,5880,29,90
32,5856,29,90
32,6800,29,90
32,2840,29,90
32,5680,29,90
32,6508,29,90
32,6780,29,90
32,5932,29,90
32,6280,29,90
32,9564,29,90
32,15080,29,90
32,13104,29,90
32,10100,29,90
32,9780,29,90
32,9764,29,90
32,6012,29,90
32,12480,29,90
32,12580,29,90
32,6296,29,90
32,3044,29,90
32,4292,29,90
32,12976,29,90
32,6560,29,90
32,5852,29,90
32,4848,29,90
32,5040,29,90
32,14568,29,90
32,6748,29,90
32,3052,29,90
32,11172,29,90
32,14668,29,90
32,5868,29,90
32,4700,29,90
32,13512,29,90
32,4140,29,90
32,6300,29,90
32,1240,29,90
32,6460,29,90
32,12844,29,90
32,6572,29,90
32,14428,29,90
32,12708,29,90
32,5852,29,90
32,14796,29,90
32,1944,32,100
32,4948,32,100
32,2888,32,100
32,13292,29,90
32,1264,32,100
32,1476,32,100
32,1148,32,100
32,208,32,100
32,904,32,100
32,2100,32,100
32,1236,32,100
32,5780,32,100
32,1236,32,100
32,2488,32,100
32,288,32,100
32,1084,32,100
32,6604,32,100
32,4312,32,100
32,3496,32,100
32,2728,32,100
32,1064,32,100
32,3488,32,100
32,1824,32,100
32,560,32,100
32,6668,32,100
32,1836,32,100
32,2908,32,100
32,988,32,100
32,1356,32,100
32,1616,32,100
32,1944,32,100
32,1952,32,100
32,2836,32,100
32,852,32,100
32,536,32,100
32,2096,32,100
32,2648,32,100
32,544,32,100
32,280,32,100
32,1212,32,100
32,4768,32,100
32,1768,32,100
32,744,32,100
32,2212,32,100
32,5488,32,100
32,1128,32,100
32,1268,32,100
32,584,32,100
32,1272,32,100
32,608,32,100
32,4276,32,100
32,6024,32,100
32,2156,32,100
32,1704,32,100
32,2156,32,100
32,2900,32,100
32,632,32,100
32,1460,32,100
32,720,32,100
32,2288,32,100
32,1292,32,100
32,4632,32,100
32,1284,32,100
32,5728,32,100
32,2248,32,100
32,2188,32,100
32,2208,32,100
32,2820,32,100
32,1396,32,100
32,340,32,100
32,2112,32,100
32,2020,32,100
32,520,32,100
32,5708,32,100
32,1416,32,100
32,2476,32,100
32,2432,32,100
32,4848,32,100
32,5568,32,100
32,2900,32,100
32,8784,32,100
32,988,32,100
32,1188,32,100
32,628,32,100
32,1296,32,100
32,1428,32,100
32,2120,32,100
32,1884,32,100
32,996,32,100
32,1192,32,100
32,2652,32,100
32,2580,32,100
32,1084,32,100
32,1072,32,100
32,916,32,100
32,2136,32,100
32,6012,32,100
32,2900,32,100
32,2252,32,100
32,2540,32,100
32,636,32,100
32,1160,32,100
32,2796,32,100
32,2756,32,100
64,11284,0,0
64,15336,0,0
64,22228,0,0
64,25476,0,0
64,2784,0,0
64,15308,0,0
64,14796,0,0
64,6600,0,0
64,12812,0,0
64,14996,0,0
64,25744,0,0
64,30536,0,0
64,24004,0,0
64,6648,0,0
64,15088,0,0
64,15024,0,0
64,25668,0,0
64,11288,0,0
64,23344,0,0
64,33456,0,0
64,15376,0,0
64,15076,0,0
64,15140,0,0
64,13424,0,0
64,25960,0,0
64,15128,0,0
64,14140,0,0
64,30824,0,0
64,32336,0,0
64,30580,0,0
64,14716,0,0
64,25868,0,0
64,6592,0,0
64,25692,0,0
64,15036,0,0
64,31844,0,0
64,28160,0,0
64,6620,0,0
64,15104,0,0
64,11320,0,0
64,28848,0,0
64,6452,0,0
64,24444,0,0
64,30652,0,0
64,24084,0,0
64,21204,0,0
64,14800,0,0
64,6868,0,0
64,29812,0,0
64,30684,0,0
64,24444,0,0
64,15176,0,0
64,32672,0,0
64,25900,0,0
64,11588,0,0
64,15696,0,0
64,24836,0,0
64,15100,0,0
64,14940,0,0
64,2792,0,0
64,25992,0,0
64,15112,0,0
64,11332,0,0
64,15140,0,0
64,24032,0,0
64,30444,0,0
64,34240,0,0
64,14980,0,0
64,15100,0,0
64,6564,0,0
64,14772,0,0
64,6296,0,0
64,30180,0,0
64,25612,0,0
64,6432,0,0
64,15084,0,0
64,11512,0,0
64,15292,0,0
64,25612,0,0
64,30496,0,0
64,14972,0,0
64,15156,0,0
64,15020,0,0
64,21904,0,0
64,15180,0,0
64,11372,0,0
64,6260,0,0
64,22080,0,0
64,15072,0,0
64,15220,0,0
64,22160,0,0
64,15108,0,0
64,34132,0,0
64,25472,0,0
64,48936,0,0
64,32440,0,0
64,15052,0,0
64,14960,0,0
64,32792,0,0
64,2780,0,0
64,32404,0,0
64,6828,7,10
64,6632,7,10
64,11348,0,0
64,6868,7,10
64,6676,7,10
64,6548,7,10
64,11320,7,10
64,11516,7,10
64,5088,7,10
64,6604,7,10
64,6676,7,10
64,6576,7,10
64,11548,7,10
64,11400,7,10
64,2964,7,10
64,6780,7,10
64,6576,7,10
64,6256,7,10
64,11436,7,10
64,6768,7,10
64,13340,7,10
64,6572,7,10
64,13536,7,10
64,3076,7,10
64,6360,7,10
64,6780,7,10
64,11412,7,10
64,13388,7,10
64,14896,7,10
64,13828,7,10
64,6004,7,10
64,6668,7,10
64,7772,7,10
64,6628,7,10
64,6424,7,10
64,5248,7,10
64,11516,7,10
64,2996,7,10
64,11408,7,10
64,11556,7,10
64,11772,7,10
64,3068,7,10
64,11644,7,10
64,6816,7,10
64,3504,7,10
64,15060,7,10
64,6560,7,10
64,9840,7,10
64,5092,7,10
64,6540,7,10
64,9968,7,10
64,6176,7,10
64,9848,7,10
64,6396,7,10
64,14452,7,10
64,6648,7,10
64,5120,7,10
